{
  "multipart": [
    {
      "apply": {
        "model": "rats:block/rat_hole"
      }
    },
    {
      "apply": {
        "model": "rats:block/rat_hole_plug"
      },
      "when": {
        "north": "false"
      }
    },
    {
      "apply": {
        "model": "rats:block/rat_hole_plug",
        "y": 180
      },
      "when": {
        "south": "false"
      }
    },
    {
      "apply": {
        "model": "rats:block/rat_hole_plug",
        "y": 900
      },
      "when": {
        "east": "false"
      }
    },
    {
      "apply": {
        "model": "rats:block/rat_hole_plug",
        "y": 270
      },
      "when": {
        "west": "false"
      }
    }
  ]
}